case_id,activity,start_time,end_time,resource
C000001,intake,2026-01-05T09:00:00+00:00,2026-01-05T09:11:46.192301+00:00,ops
C000001,validate,2026-01-05T09:11:46.192301+00:00,2026-01-05T09:29:42.880642+00:00,ops
C000001,review,2026-01-05T09:29:42.880642+00:00,2026-01-05T10:00:44.224036+00:00,analyst
C000001,qa,2026-01-05T10:00:44.224036+00:00,2026-01-05T10:08:33.672288+00:00,qa
C000001,complete,2026-01-05T10:08:33.672288+00:00,2026-01-05T10:09:28.722288+00:00,
C000002,intake,2026-01-05T09:07:30.432705+00:00,2026-01-05T09:23:38.752389+00:00,ops
C000002,validate,2026-01-05T09:23:38.752389+00:00,2026-01-05T09:37:37.132785+00:00,ops
C000002,review,2026-01-05T09:37:37.132785+00:00,2026-01-05T10:06:24.619901+00:00,analyst
C000002,qa,2026-01-05T10:06:24.619901+00:00,2026-01-05T10:21:03.990848+00:00,qa
C000002,complete,2026-01-05T10:21:03.990848+00:00,2026-01-05T10:21:59.040848+00:00,
C000003,intake,2026-01-05T09:18:38.597714+00:00,2026-01-05T09:27:39.474278+00:00,ops
C000003,validate,2026-01-05T09:27:39.474278+00:00,2026-01-05T09:43:26.956188+00:00,ops
C000003,exception,2026-01-05T09:43:26.956188+00:00,2026-01-05T10:56:30.360632+00:00,senior
C000003,review,2026-01-05T10:56:30.360632+00:00,2026-01-05T11:30:34.102191+00:00,analyst
C000003,qa,2026-01-05T11:30:34.102191+00:00,2026-01-05T12:06:28.492264+00:00,qa
C000003,complete,2026-01-05T12:06:28.492264+00:00,2026-01-05T12:07:23.542264+00:00,
C000004,intake,2026-01-05T09:23:38.752389+00:00,2026-01-05T09:32:45.595218+00:00,ops
C000004,validate,2026-01-05T09:32:45.595218+00:00,2026-01-05T09:44:16.190545+00:00,ops
C000004,review,2026-01-05T09:44:16.190545+00:00,2026-01-05T10:33:32.417682+00:00,analyst
C000004,qa,2026-01-05T10:33:32.417682+00:00,2026-01-05T10:51:11.355085+00:00,qa
C000004,complete,2026-01-05T10:51:11.355085+00:00,2026-01-05T10:52:06.405085+00:00,
C000005,intake,2026-01-05T09:29:42.880642+00:00,2026-01-05T09:38:52.286782+00:00,ops
C000005,validate,2026-01-05T09:38:52.286782+00:00,2026-01-05T09:47:59.211573+00:00,ops
C000005,review,2026-01-05T09:47:59.211573+00:00,2026-01-05T10:34:14.782933+00:00,analyst
C000005,qa,2026-01-05T10:51:11.355085+00:00,2026-01-05T11:02:26.599939+00:00,qa
C000005,complete,2026-01-05T11:02:26.599939+00:00,2026-01-05T11:03:21.649939+00:00,
C000006,intake,2026-01-05T10:01:28.625882+00:00,2026-01-05T10:11:32.555960+00:00,ops
C000006,validate,2026-01-05T10:11:32.555960+00:00,2026-01-05T10:28:13.645810+00:00,ops
C000006,review,2026-01-05T10:28:13.645810+00:00,2026-01-05T11:02:01.387403+00:00,analyst
C000006,qa,2026-01-05T11:02:26.599939+00:00,2026-01-05T11:23:46.803595+00:00,qa
C000006,complete,2026-01-05T11:23:46.803595+00:00,2026-01-05T11:24:41.853595+00:00,
C000007,intake,2026-01-05T10:06:04.077123+00:00,2026-01-05T10:11:56.427981+00:00,ops
C000007,validate,2026-01-05T10:11:56.427981+00:00,2026-01-05T10:18:54.825977+00:00,ops
C000007,review,2026-01-05T10:18:54.825977+00:00,2026-01-05T11:01:56.353300+00:00,analyst
C000007,qa,2026-01-05T11:23:46.803595+00:00,2026-01-05T11:41:13.506872+00:00,qa
C000007,complete,2026-01-05T11:41:13.506872+00:00,2026-01-05T11:42:08.556872+00:00,
C000008,intake,2026-01-05T10:14:24.639211+00:00,2026-01-05T10:18:43.558672+00:00,ops
C000008,validate,2026-01-05T10:18:43.558672+00:00,2026-01-05T10:38:27.090061+00:00,ops
C000008,exception,2026-01-05T10:38:27.090061+00:00,2026-01-05T11:07:05.248745+00:00,senior
C000008,review,2026-01-05T11:07:05.248745+00:00,2026-01-05T11:47:44.727566+00:00,analyst
C000008,qa,2026-01-05T11:47:44.727566+00:00,2026-01-05T12:19:11.387522+00:00,qa
C000008,complete,2026-01-05T12:19:11.387522+00:00,2026-01-05T12:20:06.437522+00:00,
C000009,intake,2026-01-05T10:16:52.297182+00:00,2026-01-05T10:22:22.343162+00:00,ops
C000009,validate,2026-01-05T10:22:22.343162+00:00,2026-01-05T10:37:55.810085+00:00,ops
C000009,review,2026-01-05T10:37:55.810085+00:00,2026-01-05T10:57:56.403952+00:00,analyst
C000009,qa,2026-01-05T12:06:28.492264+00:00,2026-01-05T12:29:14.673180+00:00,qa
C000009,complete,2026-01-05T12:29:14.673180+00:00,2026-01-05T12:30:09.723180+00:00,
C000010,intake,2026-01-05T10:18:54.825977+00:00,2026-01-05T10:26:40.440412+00:00,ops
C000010,validate,2026-01-05T10:26:40.440412+00:00,2026-01-05T10:38:45.447032+00:00,ops
C000010,review,2026-01-05T10:38:45.447032+00:00,2026-01-05T11:37:05.696203+00:00,analyst
C000010,qa,2026-01-05T12:19:11.387522+00:00,2026-01-05T12:32:43.802194+00:00,qa
C000010,complete,2026-01-05T12:32:43.802194+00:00,2026-01-05T12:33:38.852194+00:00,
C000011,intake,2026-01-05T10:26:40.440412+00:00,2026-01-05T10:34:52.713692+00:00,ops
C000011,validate,2026-01-05T10:34:52.713692+00:00,2026-01-05T10:43:48.847286+00:00,ops
C000011,review,2026-01-05T10:43:48.847286+00:00,2026-01-05T11:39:04.343056+00:00,analyst
C000011,qa,2026-01-05T12:29:14.673180+00:00,2026-01-05T12:47:45.482651+00:00,qa
C000011,complete,2026-01-05T12:47:45.482651+00:00,2026-01-05T12:48:40.532651+00:00,
C000012,intake,2026-01-05T10:34:52.713692+00:00,2026-01-05T10:41:35.117855+00:00,ops
C000012,validate,2026-01-05T10:41:35.117855+00:00,2026-01-05T10:53:41.489245+00:00,ops
C000012,review,2026-01-05T10:57:56.403952+00:00,2026-01-05T11:32:51.813736+00:00,analyst
C000012,qa,2026-01-05T12:32:43.802194+00:00,2026-01-05T12:51:18.464571+00:00,qa
C000012,complete,2026-01-05T12:51:18.464571+00:00,2026-01-05T12:52:13.514571+00:00,
C000013,intake,2026-01-05T10:38:27.090061+00:00,2026-01-05T10:48:44.725718+00:00,ops
C000013,validate,2026-01-05T10:48:44.725718+00:00,2026-01-05T11:02:46.463903+00:00,ops
C000013,exception,2026-01-05T11:02:46.463903+00:00,2026-01-05T12:15:31.100436+00:00,senior
C000013,review,2026-01-05T12:15:31.100436+00:00,2026-01-05T13:10:02.022408+00:00,analyst
C000013,qa,2026-01-05T13:10:02.022408+00:00,2026-01-05T13:20:21.042176+00:00,qa
C000013,complete,2026-01-05T13:20:21.042176+00:00,2026-01-05T13:21:16.092176+00:00,
C000014,intake,2026-01-05T10:41:35.117855+00:00,2026-01-05T10:48:46.947616+00:00,ops
C000014,validate,2026-01-05T10:48:46.947616+00:00,2026-01-05T11:19:14.371474+00:00,ops
C000014,review,2026-01-05T11:19:14.371474+00:00,2026-01-05T12:06:35.087330+00:00,analyst
C000014,qa,2026-01-05T12:51:18.464571+00:00,2026-01-05T13:24:52.269708+00:00,qa
C000014,complete,2026-01-05T13:24:52.269708+00:00,2026-01-05T13:25:47.319708+00:00,
C000015,intake,2026-01-05T10:48:44.725718+00:00,2026-01-05T10:54:12.401674+00:00,ops
C000015,validate,2026-01-05T10:54:12.401674+00:00,2026-01-05T11:06:14.230954+00:00,ops
C000015,review,2026-01-05T11:30:34.102191+00:00,2026-01-05T12:16:08.717920+00:00,analyst
C000015,qa,2026-01-05T13:20:21.042176+00:00,2026-01-05T13:34:39.767790+00:00,qa
C000015,complete,2026-01-05T13:34:39.767790+00:00,2026-01-05T13:35:34.817790+00:00,
C000016,intake,2026-01-05T10:53:41.489245+00:00,2026-01-05T10:59:21.249716+00:00,ops
C000016,validate,2026-01-05T10:59:21.249716+00:00,2026-01-05T11:34:12.355732+00:00,ops
C000016,review,2026-01-05T11:34:12.355732+00:00,2026-01-05T12:04:08.309243+00:00,analyst
C000016,qa,2026-01-05T13:24:52.269708+00:00,2026-01-05T13:35:03.483578+00:00,qa
C000016,complete,2026-01-05T13:35:03.483578+00:00,2026-01-05T13:35:58.533578+00:00,
C000017,intake,2026-01-05T10:59:21.249716+00:00,2026-01-05T11:06:29.466726+00:00,ops
C000017,validate,2026-01-05T11:06:29.466726+00:00,2026-01-05T11:22:45.560883+00:00,ops
C000017,exception,2026-01-05T11:22:45.560883+00:00,2026-01-05T11:58:24.211299+00:00,senior
C000017,review,2026-01-05T11:58:24.211299+00:00,2026-01-05T12:36:07.360909+00:00,analyst
C000017,qa,2026-01-05T13:34:39.767790+00:00,2026-01-05T13:48:50.602658+00:00,qa
C000017,complete,2026-01-05T13:48:50.602658+00:00,2026-01-05T13:49:45.652658+00:00,
C000018,intake,2026-01-05T11:06:14.230954+00:00,2026-01-05T11:15:01.348721+00:00,ops
C000018,validate,2026-01-05T11:15:01.348721+00:00,2026-01-05T11:29:55.601102+00:00,ops
C000018,review,2026-01-05T11:39:04.343056+00:00,2026-01-05T12:24:26.792052+00:00,analyst
C000018,qa,2026-01-05T13:35:03.483578+00:00,2026-01-05T13:42:40.353232+00:00,qa
C000018,complete,2026-01-05T13:42:40.353232+00:00,2026-01-05T13:43:35.403232+00:00,
C000019,intake,2026-01-05T11:20:53.740981+00:00,2026-01-05T11:28:15.398617+00:00,ops
C000019,validate,2026-01-05T11:28:15.398617+00:00,2026-01-05T11:50:31.551243+00:00,ops
C000019,review,2026-01-05T11:50:31.551243+00:00,2026-01-05T12:28:49.170473+00:00,analyst
C000019,qa,2026-01-05T13:42:40.353232+00:00,2026-01-05T13:57:57.023120+00:00,qa
C000019,complete,2026-01-05T13:57:57.023120+00:00,2026-01-05T13:58:52.073120+00:00,
C000020,intake,2026-01-05T11:22:45.560883+00:00,2026-01-05T11:28:58.573337+00:00,ops
C000020,validate,2026-01-05T11:28:58.573337+00:00,2026-01-05T11:50:47.235340+00:00,ops
C000020,exception,2026-01-05T11:58:24.211299+00:00,2026-01-05T12:58:19.934707+00:00,senior
C000020,review,2026-01-05T12:58:19.934707+00:00,2026-01-05T13:36:47.079844+00:00,analyst
C000020,qa,2026-01-05T13:48:50.602658+00:00,2026-01-05T14:02:25.820816+00:00,qa
C000020,complete,2026-01-05T14:02:25.820816+00:00,2026-01-05T14:03:20.870816+00:00,
C000021,intake,2026-01-05T11:50:04.343118+00:00,2026-01-05T12:00:40.334715+00:00,ops
C000021,validate,2026-01-05T12:00:40.334715+00:00,2026-01-05T12:22:40.497052+00:00,ops
C000021,review,2026-01-05T12:22:40.497052+00:00,2026-01-05T12:48:41.443178+00:00,analyst
C000021,qa,2026-01-05T13:57:57.023120+00:00,2026-01-05T14:08:43.308557+00:00,qa
C000021,complete,2026-01-05T14:08:43.308557+00:00,2026-01-05T14:09:38.358557+00:00,
C000022,intake,2026-01-05T12:00:35.472679+00:00,2026-01-05T12:08:00.363459+00:00,ops
C000022,validate,2026-01-05T12:08:00.363459+00:00,2026-01-05T12:34:37.113200+00:00,ops
C000022,review,2026-01-05T12:34:37.113200+00:00,2026-01-05T13:13:26.842169+00:00,analyst
C000022,qa,2026-01-05T14:02:25.820816+00:00,2026-01-05T14:11:35.966815+00:00,qa
C000022,complete,2026-01-05T14:11:35.966815+00:00,2026-01-05T14:12:31.016815+00:00,
C000023,intake,2026-01-05T12:01:33.063101+00:00,2026-01-05T12:09:54.798821+00:00,ops
C000023,validate,2026-01-05T12:09:54.798821+00:00,2026-01-05T12:32:29.963908+00:00,ops
C000023,review,2026-01-05T12:32:29.963908+00:00,2026-01-05T12:59:47.037420+00:00,analyst
C000023,qa,2026-01-05T14:08:43.308557+00:00,2026-01-05T14:22:27.111526+00:00,qa
C000023,complete,2026-01-05T14:22:27.111526+00:00,2026-01-05T14:23:22.161526+00:00,
C000024,intake,2026-01-05T12:09:23.063177+00:00,2026-01-05T12:16:16.391469+00:00,ops
C000024,validate,2026-01-05T12:16:16.391469+00:00,2026-01-05T12:28:13.858987+00:00,ops
C000024,review,2026-01-05T12:28:49.170473+00:00,2026-01-05T12:46:07.113610+00:00,analyst
C000024,qa,2026-01-05T14:11:35.966815+00:00,2026-01-05T14:22:20.295687+00:00,qa
C000024,complete,2026-01-05T14:22:20.295687+00:00,2026-01-05T14:23:15.345687+00:00,
C000025,intake,2026-01-05T12:16:16.391469+00:00,2026-01-05T12:20:40.665934+00:00,ops
C000025,validate,2026-01-05T12:20:40.665934+00:00,2026-01-05T12:35:42.938396+00:00,ops
C000025,review,2026-01-05T12:36:07.360909+00:00,2026-01-05T13:19:45.173539+00:00,analyst
C000025,qa,2026-01-05T14:22:20.295687+00:00,2026-01-05T14:30:57.682602+00:00,qa
C000025,complete,2026-01-05T14:30:57.682602+00:00,2026-01-05T14:31:52.732602+00:00,
C000026,intake,2026-01-05T12:30:45.334213+00:00,2026-01-05T12:38:03.929290+00:00,ops
C000026,validate,2026-01-05T12:38:03.929290+00:00,2026-01-05T12:52:57.564857+00:00,ops
C000026,review,2026-01-05T12:52:57.564857+00:00,2026-01-05T13:37:52.712534+00:00,analyst
C000026,qa,2026-01-05T14:22:27.111526+00:00,2026-01-05T14:33:24.536430+00:00,qa
C000026,complete,2026-01-05T14:33:24.536430+00:00,2026-01-05T14:34:19.586430+00:00,
C000027,intake,2026-01-05T12:48:38.557000+00:00,2026-01-05T12:54:50.235256+00:00,ops
C000027,validate,2026-01-05T12:54:50.235256+00:00,2026-01-05T13:11:36.066374+00:00,ops
C000027,review,2026-01-05T13:11:36.066374+00:00,2026-01-05T13:39:13.165561+00:00,analyst
C000027,qa,2026-01-05T14:30:57.682602+00:00,2026-01-05T15:12:13.238359+00:00,qa
C000027,complete,2026-01-05T15:12:13.238359+00:00,2026-01-05T15:13:08.288359+00:00,
C000028,intake,2026-01-05T13:07:14.764611+00:00,2026-01-05T13:15:19.663161+00:00,ops
C000028,validate,2026-01-05T13:15:19.663161+00:00,2026-01-05T13:32:02.366551+00:00,ops
C000028,exception,2026-01-05T13:32:02.366551+00:00,2026-01-05T14:22:20.973074+00:00,senior
C000028,review,2026-01-05T14:22:20.973074+00:00,2026-01-05T15:00:42.840339+00:00,analyst
C000028,qa,2026-01-05T15:00:42.840339+00:00,2026-01-05T15:11:32.506547+00:00,qa
C000028,complete,2026-01-05T15:11:32.506547+00:00,2026-01-05T15:12:27.556547+00:00,
C000029,intake,2026-01-05T13:29:27.210346+00:00,2026-01-05T13:38:17.982905+00:00,ops
C000029,validate,2026-01-05T13:38:17.982905+00:00,2026-01-05T13:49:51.965415+00:00,ops
C000029,exception,2026-01-05T13:49:51.965415+00:00,2026-01-05T15:03:24.526211+00:00,senior
C000029,review,2026-01-05T15:03:24.526211+00:00,2026-01-05T15:50:31.253163+00:00,analyst
C000029,qa,2026-01-05T15:50:31.253163+00:00,2026-01-05T16:12:57.429154+00:00,qa
C000029,complete,2026-01-05T16:12:57.429154+00:00,2026-01-05T16:13:52.479154+00:00,
C000030,intake,2026-01-05T13:37:50.782900+00:00,2026-01-05T13:46:05.273670+00:00,ops
C000030,validate,2026-01-05T13:46:05.273670+00:00,2026-01-05T14:05:55.157993+00:00,ops
C000030,review,2026-01-05T14:05:55.157993+00:00,2026-01-05T14:45:16.916179+00:00,analyst
C000030,qa,2026-01-05T15:12:13.238359+00:00,2026-01-05T15:34:41.605979+00:00,qa
C000030,review,2026-01-05T15:34:41.605979+00:00,2026-01-05T16:08:25.810411+00:00,analyst
C000030,qa,2026-01-05T16:08:25.810411+00:00,2026-01-05T16:24:35.733280+00:00,qa
C000030,complete,2026-01-05T16:24:35.733280+00:00,2026-01-05T16:25:30.783280+00:00,
C000031,intake,2026-01-05T14:06:09.198495+00:00,2026-01-05T14:13:56.722077+00:00,ops
C000031,validate,2026-01-05T14:13:56.722077+00:00,2026-01-05T14:25:58.642564+00:00,ops
C000031,review,2026-01-05T14:25:58.642564+00:00,2026-01-05T15:09:39.773233+00:00,analyst
C000031,qa,2026-01-05T16:12:57.429154+00:00,2026-01-05T16:31:23.323497+00:00,qa
C000031,complete,2026-01-05T16:31:23.323497+00:00,2026-01-05T16:32:18.373497+00:00,
C000032,intake,2026-01-05T14:15:52.690041+00:00,2026-01-05T14:27:02.633011+00:00,ops
C000032,validate,2026-01-05T14:27:02.633011+00:00,2026-01-05T14:55:33.350509+00:00,ops
C000032,review,2026-01-05T14:55:33.350509+00:00,2026-01-05T15:46:46.683009+00:00,analyst
C000032,qa,2026-01-05T16:24:35.733280+00:00,2026-01-05T16:31:46.784216+00:00,qa
C000032,complete,2026-01-05T16:31:46.784216+00:00,2026-01-05T16:32:41.834216+00:00,
C000033,intake,2026-01-05T14:21:06.493906+00:00,2026-01-05T14:26:28.311040+00:00,ops
C000033,validate,2026-01-05T14:26:28.311040+00:00,2026-01-05T14:44:07.008555+00:00,ops
C000033,exception,2026-01-05T14:44:07.008555+00:00,2026-01-05T15:17:43.559182+00:00,senior
C000033,review,2026-01-05T15:17:43.559182+00:00,2026-01-05T16:06:37.539887+00:00,analyst
C000033,qa,2026-01-05T16:31:23.323497+00:00,2026-01-05T16:55:48.730397+00:00,qa
C000033,complete,2026-01-05T16:55:48.730397+00:00,2026-01-05T16:56:43.780397+00:00,
C000034,intake,2026-01-05T14:25:58.642564+00:00,2026-01-05T14:31:22.149223+00:00,ops
C000034,validate,2026-01-05T14:31:22.149223+00:00,2026-01-05T14:46:54.222607+00:00,ops
C000034,exception,2026-01-05T15:03:24.526211+00:00,2026-01-05T16:09:48.047209+00:00,senior
C000034,review,2026-01-05T16:09:48.047209+00:00,2026-01-05T16:40:55.402867+00:00,analyst
C000034,qa,2026-01-05T16:40:55.402867+00:00,2026-01-05T16:55:07.917981+00:00,qa
C000034,complete,2026-01-05T16:55:07.917981+00:00,2026-01-05T16:56:02.967981+00:00,
C000035,intake,2026-01-05T14:27:02.633011+00:00,2026-01-05T14:31:52.742890+00:00,ops
C000035,validate,2026-01-05T14:31:52.742890+00:00,2026-01-05T14:42:48.909372+00:00,ops
C000035,review,2026-01-05T15:00:42.840339+00:00,2026-01-05T15:46:30.189126+00:00,analyst
C000035,qa,2026-01-05T16:55:07.917981+00:00,2026-01-05T17:47:29.369913+00:00,qa
C000035,complete,2026-01-05T17:47:29.369913+00:00,2026-01-05T17:48:24.419913+00:00,
C000036,intake,2026-01-05T14:31:52.742890+00:00,2026-01-05T14:40:30.203077+00:00,ops
C000036,validate,2026-01-05T14:40:30.203077+00:00,2026-01-05T14:53:02.676885+00:00,ops
C000036,review,2026-01-05T15:09:39.773233+00:00,2026-01-05T15:37:24.226522+00:00,analyst
C000036,qa,2026-01-05T16:55:48.730397+00:00,2026-01-05T17:18:56.815011+00:00,qa
C000036,complete,2026-01-05T17:18:56.815011+00:00,2026-01-05T17:19:51.865011+00:00,
C000037,intake,2026-01-05T14:42:48.909372+00:00,2026-01-05T14:48:53.002021+00:00,ops
C000037,validate,2026-01-05T14:48:53.002021+00:00,2026-01-05T15:14:46.948271+00:00,ops
C000037,review,2026-01-05T15:37:24.226522+00:00,2026-01-05T16:16:20.609332+00:00,analyst
C000037,qa,2026-01-05T17:18:56.815011+00:00,2026-01-05T17:36:45.169196+00:00,qa
C000037,complete,2026-01-05T17:36:45.169196+00:00,2026-01-05T17:37:40.219196+00:00,
C000038,intake,2026-01-05T14:46:54.222607+00:00,2026-01-05T14:55:39.519415+00:00,ops
C000038,validate,2026-01-05T14:55:39.519415+00:00,2026-01-05T15:14:45.645672+00:00,ops
C000038,review,2026-01-05T15:46:30.189126+00:00,2026-01-05T17:07:56.165181+00:00,analyst
C000038,qa,2026-01-05T17:36:45.169196+00:00,2026-01-05T17:48:43.782243+00:00,qa
C000038,complete,2026-01-05T17:48:43.782243+00:00,2026-01-05T17:49:38.832243+00:00,
C000039,intake,2026-01-05T14:58:56.265269+00:00,2026-01-05T15:06:35.039158+00:00,ops
C000039,validate,2026-01-05T15:06:35.039158+00:00,2026-01-05T15:29:28.632805+00:00,ops
C000039,review,2026-01-05T15:46:46.683009+00:00,2026-01-05T16:21:55.567681+00:00,analyst
C000039,qa,2026-01-05T17:47:29.369913+00:00,2026-01-05T17:59:34.858205+00:00,qa
C000039,complete,2026-01-05T17:59:34.858205+00:00,2026-01-05T18:00:29.908205+00:00,
C000040,intake,2026-01-05T15:09:15.909390+00:00,2026-01-05T15:15:15.387396+00:00,ops
C000040,validate,2026-01-05T15:15:15.387396+00:00,2026-01-05T15:34:10.109917+00:00,ops
C000040,review,2026-01-05T15:50:31.253163+00:00,2026-01-05T16:14:34.517066+00:00,analyst
C000040,qa,2026-01-05T17:48:43.782243+00:00,2026-01-05T18:07:33.779799+00:00,qa
C000040,complete,2026-01-05T18:07:33.779799+00:00,2026-01-05T18:08:28.829799+00:00,
C000041,intake,2026-01-05T15:14:45.645672+00:00,2026-01-05T15:25:41.084375+00:00,ops
C000041,validate,2026-01-05T15:25:41.084375+00:00,2026-01-05T15:40:46.135888+00:00,ops
C000041,review,2026-01-05T16:06:37.539887+00:00,2026-01-05T16:39:57.854584+00:00,analyst
C000041,qa,2026-01-05T17:59:34.858205+00:00,2026-01-05T18:14:56.488225+00:00,qa
C000041,complete,2026-01-05T18:14:56.488225+00:00,2026-01-05T18:15:51.538225+00:00,
C000042,intake,2026-01-05T15:15:15.387396+00:00,2026-01-05T15:25:10.592493+00:00,ops
C000042,validate,2026-01-05T15:25:10.592493+00:00,2026-01-05T15:40:31.632734+00:00,ops
C000042,review,2026-01-05T16:08:25.810411+00:00,2026-01-05T16:48:40.524199+00:00,analyst
C000042,qa,2026-01-05T18:07:33.779799+00:00,2026-01-05T18:25:42.239549+00:00,qa
C000042,complete,2026-01-05T18:25:42.239549+00:00,2026-01-05T18:26:37.289549+00:00,
C000043,intake,2026-01-05T15:25:41.084375+00:00,2026-01-05T15:32:01.493940+00:00,ops
C000043,validate,2026-01-05T15:32:01.493940+00:00,2026-01-05T15:43:33.808640+00:00,ops
C000043,review,2026-01-05T16:14:34.517066+00:00,2026-01-05T16:52:54.754952+00:00,analyst
C000043,qa,2026-01-05T18:14:56.488225+00:00,2026-01-05T18:25:08.446275+00:00,qa
C000043,complete,2026-01-05T18:25:08.446275+00:00,2026-01-05T18:26:03.496275+00:00,
C000044,intake,2026-01-05T15:32:01.493940+00:00,2026-01-05T15:40:00.209095+00:00,ops
C000044,validate,2026-01-05T15:40:00.209095+00:00,2026-01-05T16:04:55.292391+00:00,ops
C000044,review,2026-01-05T16:16:20.609332+00:00,2026-01-05T17:07:19.190128+00:00,analyst
C000044,qa,2026-01-05T18:25:08.446275+00:00,2026-01-05T18:51:44.010416+00:00,qa
C000044,complete,2026-01-05T18:51:44.010416+00:00,2026-01-05T18:52:39.060416+00:00,
C000045,intake,2026-01-05T15:40:00.209095+00:00,2026-01-05T15:48:08.608100+00:00,ops
C000045,validate,2026-01-05T15:48:08.608100+00:00,2026-01-05T16:00:18.387808+00:00,ops
C000045,review,2026-01-05T16:21:55.567681+00:00,2026-01-05T17:01:14.552530+00:00,analyst
C000045,qa,2026-01-05T18:25:42.239549+00:00,2026-01-05T18:33:27.678820+00:00,qa
C000045,complete,2026-01-05T18:33:27.678820+00:00,2026-01-05T18:34:22.728820+00:00,
C000046,intake,2026-01-05T15:40:46.135888+00:00,2026-01-05T15:47:18.791921+00:00,ops
C000046,validate,2026-01-05T15:47:18.791921+00:00,2026-01-05T16:07:17.302354+00:00,ops
C000046,review,2026-01-05T16:39:57.854584+00:00,2026-01-05T17:10:03.921151+00:00,analyst
C000046,qa,2026-01-05T18:33:27.678820+00:00,2026-01-05T18:58:41.439453+00:00,qa
C000046,complete,2026-01-05T18:58:41.439453+00:00,2026-01-05T18:59:36.489453+00:00,
C000047,intake,2026-01-05T15:47:18.791921+00:00,2026-01-05T15:54:34.223678+00:00,ops
C000047,validate,2026-01-05T15:54:34.223678+00:00,2026-01-05T16:16:30.750124+00:00,ops
C000047,review,2026-01-05T16:40:55.402867+00:00,2026-01-05T17:03:49.281858+00:00,analyst
C000047,qa,2026-01-05T18:51:44.010416+00:00,2026-01-05T19:02:51.464378+00:00,qa
C000047,complete,2026-01-05T19:02:51.464378+00:00,2026-01-05T19:03:46.514378+00:00,
C000048,intake,2026-01-05T15:54:34.223678+00:00,2026-01-05T16:02:35.371134+00:00,ops
C000048,validate,2026-01-05T16:02:35.371134+00:00,2026-01-05T16:15:25.395016+00:00,ops
C000048,review,2026-01-05T16:48:40.524199+00:00,2026-01-05T17:36:35.004905+00:00,analyst
C000048,qa,2026-01-05T18:58:41.439453+00:00,2026-01-05T19:19:42.725808+00:00,qa
C000048,complete,2026-01-05T19:19:42.725808+00:00,2026-01-05T19:20:37.775808+00:00,
C000049,intake,2026-01-05T16:02:35.371134+00:00,2026-01-05T16:10:55.816989+00:00,ops
C000049,validate,2026-01-05T16:10:55.816989+00:00,2026-01-05T16:23:01.926490+00:00,ops
C000049,exception,2026-01-05T16:23:01.926490+00:00,2026-01-05T17:34:05.390871+00:00,senior
C000049,review,2026-01-05T17:34:05.390871+00:00,2026-01-05T18:10:00.737700+00:00,analyst
C000049,qa,2026-01-05T19:02:51.464378+00:00,2026-01-05T19:15:47.169451+00:00,qa
C000049,complete,2026-01-05T19:15:47.169451+00:00,2026-01-05T19:16:42.219451+00:00,
C000050,intake,2026-01-05T16:07:17.302354+00:00,2026-01-05T16:16:47.044509+00:00,ops
C000050,validate,2026-01-05T16:16:47.044509+00:00,2026-01-05T16:40:34.586283+00:00,ops
C000050,review,2026-01-05T17:01:14.552530+00:00,2026-01-05T17:35:36.814268+00:00,analyst
C000050,qa,2026-01-05T19:15:47.169451+00:00,2026-01-05T19:30:25.318013+00:00,qa
C000050,complete,2026-01-05T19:30:25.318013+00:00,2026-01-05T19:31:20.368013+00:00,
C000051,intake,2026-01-05T16:15:25.395016+00:00,2026-01-05T16:21:25.152720+00:00,ops
C000051,validate,2026-01-05T16:21:25.152720+00:00,2026-01-05T16:36:29.510760+00:00,ops
C000051,review,2026-01-05T17:03:49.281858+00:00,2026-01-05T18:32:46.795379+00:00,analyst
C000051,qa,2026-01-05T19:19:42.725808+00:00,2026-01-05T19:36:50.532717+00:00,qa
C000051,complete,2026-01-05T19:36:50.532717+00:00,2026-01-05T19:37:45.582717+00:00,
C000052,intake,2026-01-05T16:32:12.307514+00:00,2026-01-05T16:39:18.819057+00:00,ops
C000052,validate,2026-01-05T16:39:18.819057+00:00,2026-01-05T16:59:31.915763+00:00,ops
C000052,review,2026-01-05T17:07:19.190128+00:00,2026-01-05T17:41:00.387388+00:00,analyst
C000052,qa,2026-01-05T19:30:25.318013+00:00,2026-01-05T19:40:57.124368+00:00,qa
C000052,complete,2026-01-05T19:40:57.124368+00:00,2026-01-05T19:41:52.174368+00:00,
C000053,intake,2026-01-05T16:33:44.155830+00:00,2026-01-05T16:38:47.845274+00:00,ops
C000053,validate,2026-01-05T16:38:47.845274+00:00,2026-01-05T16:57:50.857640+00:00,ops
C000053,review,2026-01-05T17:07:56.165181+00:00,2026-01-05T17:31:47.211445+00:00,analyst
C000053,qa,2026-01-05T19:36:50.532717+00:00,2026-01-05T19:53:11.307635+00:00,qa
C000053,complete,2026-01-05T19:53:11.307635+00:00,2026-01-05T19:54:06.357635+00:00,
C000054,intake,2026-01-05T16:39:23.196772+00:00,2026-01-05T16:47:12.837807+00:00,ops
C000054,validate,2026-01-05T16:47:12.837807+00:00,2026-01-05T17:11:41.402710+00:00,ops
C000054,review,2026-01-05T17:11:41.402710+00:00,2026-01-05T18:04:23.761185+00:00,analyst
C000054,qa,2026-01-05T19:40:57.124368+00:00,2026-01-05T20:03:18.902374+00:00,qa
C000054,review,2026-01-05T20:03:18.902374+00:00,2026-01-05T20:52:11.541102+00:00,analyst
C000054,qa,2026-01-05T20:52:11.541102+00:00,2026-01-05T21:23:58.788265+00:00,qa
C000054,complete,2026-01-05T21:23:58.788265+00:00,2026-01-05T21:24:53.838265+00:00,
C000055,intake,2026-01-05T16:40:34.586283+00:00,2026-01-05T16:48:17.960632+00:00,ops
C000055,validate,2026-01-05T16:48:17.960632+00:00,2026-01-05T17:04:53.660103+00:00,ops
C000055,review,2026-01-05T17:35:36.814268+00:00,2026-01-05T18:16:00.346687+00:00,analyst
C000055,qa,2026-01-05T20:03:18.902374+00:00,2026-01-05T20:21:27.004472+00:00,qa
C000055,complete,2026-01-05T20:21:27.004472+00:00,2026-01-05T20:22:22.054472+00:00,
C000056,intake,2026-01-05T16:48:17.960632+00:00,2026-01-05T16:55:29.118653+00:00,ops
C000056,validate,2026-01-05T16:55:29.118653+00:00,2026-01-05T17:14:58.532898+00:00,ops
C000056,exception,2026-01-05T17:14:58.532898+00:00,2026-01-05T18:02:33.160054+00:00,senior
C000056,review,2026-01-05T18:02:33.160054+00:00,2026-01-05T18:46:24.152719+00:00,analyst
C000056,qa,2026-01-05T20:21:27.004472+00:00,2026-01-05T20:35:30.055310+00:00,qa
C000056,complete,2026-01-05T20:35:30.055310+00:00,2026-01-05T20:36:25.105310+00:00,
C000057,intake,2026-01-05T16:57:50.857640+00:00,2026-01-05T17:08:00.254801+00:00,ops
C000057,validate,2026-01-05T17:08:00.254801+00:00,2026-01-05T17:24:39.500454+00:00,ops
C000057,exception,2026-01-05T17:34:05.390871+00:00,2026-01-05T18:17:43.226541+00:00,senior
C000057,review,2026-01-05T18:17:43.226541+00:00,2026-01-05T18:50:47.595918+00:00,analyst
C000057,qa,2026-01-05T20:35:30.055310+00:00,2026-01-05T20:52:19.773081+00:00,qa
C000057,complete,2026-01-05T20:52:19.773081+00:00,2026-01-05T20:53:14.823081+00:00,
C000058,intake,2026-01-05T17:04:53.660103+00:00,2026-01-05T17:15:41.780869+00:00,ops
C000058,validate,2026-01-05T17:15:41.780869+00:00,2026-01-05T17:33:31.759828+00:00,ops
C000058,review,2026-01-05T18:04:23.761185+00:00,2026-01-05T18:52:01.418124+00:00,analyst
C000058,qa,2026-01-05T20:52:19.773081+00:00,2026-01-05T21:24:02.762379+00:00,qa
C000058,complete,2026-01-05T21:24:02.762379+00:00,2026-01-05T21:24:57.812379+00:00,
C000059,intake,2026-01-05T17:11:41.402710+00:00,2026-01-05T17:18:57.224751+00:00,ops
C000059,validate,2026-01-05T17:18:57.224751+00:00,2026-01-05T17:33:55.380437+00:00,ops
C000059,review,2026-01-05T18:10:00.737700+00:00,2026-01-05T18:36:55.236716+00:00,analyst
C000059,qa,2026-01-05T21:23:58.788265+00:00,2026-01-05T21:38:07.740287+00:00,qa
C000059,complete,2026-01-05T21:38:07.740287+00:00,2026-01-05T21:39:02.790287+00:00,
C000060,intake,2026-01-05T17:15:41.780869+00:00,2026-01-05T17:23:54.483345+00:00,ops
C000060,validate,2026-01-05T17:23:54.483345+00:00,2026-01-05T17:46:45.969140+00:00,ops
C000060,review,2026-01-05T18:16:00.346687+00:00,2026-01-05T18:38:50.728448+00:00,analyst
C000060,qa,2026-01-05T21:24:02.762379+00:00,2026-01-05T21:40:36.494188+00:00,qa
C000060,complete,2026-01-05T21:40:36.494188+00:00,2026-01-05T21:41:31.544188+00:00,
C000061,intake,2026-01-05T17:23:54.483345+00:00,2026-01-05T17:28:01.490965+00:00,ops
C000061,validate,2026-01-05T17:28:01.490965+00:00,2026-01-05T17:46:45.457941+00:00,ops
C000061,exception,2026-01-05T18:02:33.160054+00:00,2026-01-05T19:29:54.990257+00:00,senior
C000061,review,2026-01-05T19:29:54.990257+00:00,2026-01-05T20:03:34.163874+00:00,analyst
C000061,qa,2026-01-05T21:38:07.740287+00:00,2026-01-05T21:50:14.602652+00:00,qa
C000061,complete,2026-01-05T21:50:14.602652+00:00,2026-01-05T21:51:09.652652+00:00,
C000062,intake,2026-01-05T17:28:01.490965+00:00,2026-01-05T17:36:00.806638+00:00,ops
C000062,validate,2026-01-05T17:36:00.806638+00:00,2026-01-05T17:48:53.987891+00:00,ops
C000062,review,2026-01-05T18:36:55.236716+00:00,2026-01-05T19:08:12.785576+00:00,analyst
C000062,qa,2026-01-05T21:40:36.494188+00:00,2026-01-05T22:26:27.991472+00:00,qa
C000062,complete,2026-01-05T22:26:27.991472+00:00,2026-01-05T22:27:23.041472+00:00,
C000063,intake,2026-01-05T17:33:55.380437+00:00,2026-01-05T17:40:20.140141+00:00,ops
C000063,validate,2026-01-05T17:40:20.140141+00:00,2026-01-05T18:02:22.004588+00:00,ops
C000063,review,2026-01-05T18:38:50.728448+00:00,2026-01-05T19:06:30.216422+00:00,analyst
C000063,qa,2026-01-05T21:50:14.602652+00:00,2026-01-05T22:18:00.294484+00:00,qa
C000063,complete,2026-01-05T22:18:00.294484+00:00,2026-01-05T22:18:55.344484+00:00,
C000064,intake,2026-01-05T17:40:20.140141+00:00,2026-01-05T17:47:04.177196+00:00,ops
C000064,validate,2026-01-05T17:47:04.177196+00:00,2026-01-05T18:06:46.397281+00:00,ops
C000064,review,2026-01-05T18:46:24.152719+00:00,2026-01-05T19:34:37.439676+00:00,analyst
C000064,qa,2026-01-05T22:18:00.294484+00:00,2026-01-05T22:37:06.698161+00:00,qa
C000064,complete,2026-01-05T22:37:06.698161+00:00,2026-01-05T22:38:01.748161+00:00,
C000065,intake,2026-01-05T17:46:45.969140+00:00,2026-01-05T17:56:24.806968+00:00,ops
C000065,validate,2026-01-05T17:56:24.806968+00:00,2026-01-05T18:08:50.886986+00:00,ops
C000065,review,2026-01-05T18:50:47.595918+00:00,2026-01-05T19:23:22.693265+00:00,analyst
C000065,qa,2026-01-05T22:26:27.991472+00:00,2026-01-05T22:38:54.833607+00:00,qa
C000065,complete,2026-01-05T22:38:54.833607+00:00,2026-01-05T22:39:49.883607+00:00,
C000066,intake,2026-01-05T17:48:53.987891+00:00,2026-01-05T17:55:38.102253+00:00,ops
C000066,validate,2026-01-05T17:55:38.102253+00:00,2026-01-05T18:12:35.941142+00:00,ops
C000066,review,2026-01-05T18:52:01.418124+00:00,2026-01-05T19:11:42.381515+00:00,analyst
C000066,qa,2026-01-05T22:37:06.698161+00:00,2026-01-05T23:09:15.325673+00:00,qa
C000066,complete,2026-01-05T23:09:15.325673+00:00,2026-01-05T23:10:10.375673+00:00,
C000067,intake,2026-01-05T17:56:24.806968+00:00,2026-01-05T18:09:18.885019+00:00,ops
C000067,validate,2026-01-05T18:09:18.885019+00:00,2026-01-05T18:21:01.302408+00:00,ops
C000067,exception,2026-01-05T18:21:01.302408+00:00,2026-01-05T19:18:18.252262+00:00,senior
C000067,review,2026-01-05T19:18:18.252262+00:00,2026-01-05T19:34:18.044781+00:00,analyst
C000067,qa,2026-01-05T22:38:54.833607+00:00,2026-01-05T22:52:14.711855+00:00,qa
C000067,complete,2026-01-05T22:52:14.711855+00:00,2026-01-05T22:53:09.761855+00:00,
C000068,intake,2026-01-05T18:06:46.397281+00:00,2026-01-05T18:15:35.854722+00:00,ops
C000068,validate,2026-01-05T18:15:35.854722+00:00,2026-01-05T18:27:41.994920+00:00,ops
C000068,review,2026-01-05T19:08:12.785576+00:00,2026-01-05T20:07:15.510798+00:00,analyst
C000068,qa,2026-01-05T22:52:14.711855+00:00,2026-01-05T23:21:07.593435+00:00,qa
C000068,complete,2026-01-05T23:21:07.593435+00:00,2026-01-05T23:22:02.643435+00:00,
C000069,intake,2026-01-05T18:09:18.885019+00:00,2026-01-05T18:19:40.857893+00:00,ops
C000069,validate,2026-01-05T18:19:40.857893+00:00,2026-01-05T18:41:27.330547+00:00,ops
C000069,review,2026-01-05T19:11:42.381515+00:00,2026-01-05T19:54:07.363857+00:00,analyst
C000069,qa,2026-01-05T23:09:15.325673+00:00,2026-01-05T23:21:35.643006+00:00,qa
C000069,complete,2026-01-05T23:21:35.643006+00:00,2026-01-05T23:22:30.693006+00:00,
C000070,intake,2026-01-05T18:15:35.854722+00:00,2026-01-05T18:22:47.152878+00:00,ops
C000070,validate,2026-01-05T18:22:47.152878+00:00,2026-01-05T18:40:53.806081+00:00,ops
C000070,review,2026-01-05T19:23:22.693265+00:00,2026-01-05T19:47:59.818190+00:00,analyst
C000070,qa,2026-01-05T23:21:07.593435+00:00,2026-01-05T23:33:28.855867+00:00,qa
C000070,complete,2026-01-05T23:33:28.855867+00:00,2026-01-05T23:34:23.905867+00:00,
C000071,intake,2026-01-05T18:21:01.302408+00:00,2026-01-05T18:27:54.328389+00:00,ops
C000071,validate,2026-01-05T18:27:54.328389+00:00,2026-01-05T18:54:48.326883+00:00,ops
C000071,review,2026-01-05T19:34:18.044781+00:00,2026-01-05T20:29:52.168792+00:00,analyst
C000071,qa,2026-01-05T23:21:35.643006+00:00,2026-01-05T23:35:37.266630+00:00,qa
C000071,complete,2026-01-05T23:35:37.266630+00:00,2026-01-05T23:36:32.316630+00:00,
C000072,intake,2026-01-05T18:27:41.994920+00:00,2026-01-05T18:31:57.633772+00:00,ops
C000072,validate,2026-01-05T18:31:57.633772+00:00,2026-01-05T18:52:02.350640+00:00,ops
C000072,review,2026-01-05T19:34:37.439676+00:00,2026-01-05T20:25:19.987246+00:00,analyst
C000072,qa,2026-01-05T23:33:28.855867+00:00,2026-01-05T23:54:04.746293+00:00,qa
C000072,review,2026-01-05T23:54:04.746293+00:00,2026-01-06T00:42:20.587748+00:00,analyst
C000072,qa,2026-01-06T00:42:20.587748+00:00,2026-01-06T01:06:03.396866+00:00,qa
C000072,complete,2026-01-06T01:06:03.396866+00:00,2026-01-06T01:06:58.446866+00:00,
C000073,intake,2026-01-05T18:31:57.633772+00:00,2026-01-05T18:44:36.380855+00:00,ops
C000073,validate,2026-01-05T18:44:36.380855+00:00,2026-01-05T18:58:41.019883+00:00,ops
C000073,review,2026-01-05T19:54:07.363857+00:00,2026-01-05T21:00:04.760415+00:00,analyst
C000073,qa,2026-01-05T23:54:04.746293+00:00,2026-01-06T00:11:37.628711+00:00,qa
C000073,complete,2026-01-06T00:11:37.628711+00:00,2026-01-06T00:12:32.678711+00:00,
C000074,intake,2026-01-05T18:41:27.330547+00:00,2026-01-05T18:50:19.039818+00:00,ops
C000074,validate,2026-01-05T18:50:19.039818+00:00,2026-01-05T19:03:20.503418+00:00,ops
C000074,review,2026-01-05T20:03:34.163874+00:00,2026-01-05T20:44:47.888141+00:00,analyst
C000074,qa,2026-01-06T00:11:37.628711+00:00,2026-01-06T00:33:03.983707+00:00,qa
C000074,complete,2026-01-06T00:33:03.983707+00:00,2026-01-06T00:33:59.033707+00:00,
C000075,intake,2026-01-05T18:50:19.039818+00:00,2026-01-05T19:01:18.330683+00:00,ops
C000075,validate,2026-01-05T19:01:18.330683+00:00,2026-01-05T19:16:15.220905+00:00,ops
C000075,review,2026-01-05T20:07:15.510798+00:00,2026-01-05T20:24:24.557150+00:00,analyst
C000075,qa,2026-01-06T00:33:03.983707+00:00,2026-01-06T00:49:13.760084+00:00,qa
C000075,complete,2026-01-06T00:49:13.760084+00:00,2026-01-06T00:50:08.810084+00:00,
C000076,intake,2026-01-05T18:54:48.326883+00:00,2026-01-05T19:02:48.255093+00:00,ops
C000076,validate,2026-01-05T19:02:48.255093+00:00,2026-01-05T19:16:50.332106+00:00,ops
C000076,review,2026-01-05T20:24:24.557150+00:00,2026-01-05T21:02:35.864643+00:00,analyst
C000076,qa,2026-01-06T00:49:13.760084+00:00,2026-01-06T00:58:12.264600+00:00,qa
C000076,review,2026-01-06T00:58:12.264600+00:00,2026-01-06T01:39:04.892465+00:00,analyst
C000076,qa,2026-01-06T01:39:04.892465+00:00,2026-01-06T01:47:50.755003+00:00,qa
C000076,complete,2026-01-06T01:47:50.755003+00:00,2026-01-06T01:48:45.805003+00:00,
C000077,intake,2026-01-05T19:01:18.330683+00:00,2026-01-05T19:07:48.945837+00:00,ops
C000077,validate,2026-01-05T19:07:48.945837+00:00,2026-01-05T19:22:42.166856+00:00,ops
C000077,review,2026-01-05T20:29:52.168792+00:00,2026-01-05T20:53:59.298547+00:00,analyst
C000077,qa,2026-01-06T01:06:03.396866+00:00,2026-01-06T01:16:24.673880+00:00,qa
C000077,complete,2026-01-06T01:16:24.673880+00:00,2026-01-06T01:17:19.723880+00:00,
C000078,intake,2026-01-05T19:03:20.503418+00:00,2026-01-05T19:08:50.360997+00:00,ops
C000078,validate,2026-01-05T19:08:50.360997+00:00,2026-01-05T19:18:44.030946+00:00,ops
C000078,review,2026-01-05T20:44:47.888141+00:00,2026-01-05T21:20:43.743270+00:00,analyst
C000078,qa,2026-01-06T01:16:24.673880+00:00,2026-01-06T01:36:48.806906+00:00,qa
C000078,complete,2026-01-06T01:36:48.806906+00:00,2026-01-06T01:37:43.856906+00:00,
C000079,intake,2026-01-05T19:08:50.360997+00:00,2026-01-05T19:15:04.284402+00:00,ops
C000079,validate,2026-01-05T19:15:04.284402+00:00,2026-01-05T19:28:59.144517+00:00,ops
C000079,exception,2026-01-05T19:28:59.144517+00:00,2026-01-05T20:25:04.619346+00:00,senior
C000079,review,2026-01-05T20:52:11.541102+00:00,2026-01-05T21:27:21.249237+00:00,analyst
C000079,qa,2026-01-06T01:36:48.806906+00:00,2026-01-06T02:00:34.644781+00:00,qa
C000079,review,2026-01-06T02:00:34.644781+00:00,2026-01-06T02:36:56.727051+00:00,analyst
C000079,qa,2026-01-06T02:36:56.727051+00:00,2026-01-06T02:48:07.641198+00:00,qa
C000079,complete,2026-01-06T02:48:07.641198+00:00,2026-01-06T02:49:02.691198+00:00,
C000080,intake,2026-01-05T19:16:15.220905+00:00,2026-01-05T19:22:32.106724+00:00,ops
C000080,validate,2026-01-05T19:22:32.106724+00:00,2026-01-05T19:36:28.053338+00:00,ops
C000080,review,2026-01-05T21:00:04.760415+00:00,2026-01-05T21:38:04.035939+00:00,analyst
C000080,qa,2026-01-06T02:00:34.644781+00:00,2026-01-06T02:19:34.646234+00:00,qa
C000080,complete,2026-01-06T02:19:34.646234+00:00,2026-01-06T02:20:29.696234+00:00,
C000081,intake,2026-01-05T19:18:44.030946+00:00,2026-01-05T19:25:26.317366+00:00,ops
C000081,validate,2026-01-05T19:25:26.317366+00:00,2026-01-05T19:34:10.263103+00:00,ops
C000081,review,2026-01-05T21:02:35.864643+00:00,2026-01-05T22:06:24.812597+00:00,analyst
C000081,qa,2026-01-06T02:19:34.646234+00:00,2026-01-06T02:33:26.821600+00:00,qa
C000081,complete,2026-01-06T02:33:26.821600+00:00,2026-01-06T02:34:21.871600+00:00,
C000082,intake,2026-01-05T19:22:42.166856+00:00,2026-01-05T19:28:49.034068+00:00,ops
C000082,validate,2026-01-05T19:28:49.034068+00:00,2026-01-05T19:40:16.944409+00:00,ops
C000082,review,2026-01-05T21:20:43.743270+00:00,2026-01-05T22:33:16.249648+00:00,analyst
C000082,qa,2026-01-06T02:33:26.821600+00:00,2026-01-06T02:44:53.845588+00:00,qa
C000082,complete,2026-01-06T02:44:53.845588+00:00,2026-01-06T02:45:48.895588+00:00,
C000083,intake,2026-01-05T19:28:49.034068+00:00,2026-01-05T19:33:29.345818+00:00,ops
C000083,validate,2026-01-05T19:33:29.345818+00:00,2026-01-05T19:53:09.458659+00:00,ops
C000083,review,2026-01-05T21:27:21.249237+00:00,2026-01-05T22:12:02.474100+00:00,analyst
C000083,qa,2026-01-06T02:44:53.845588+00:00,2026-01-06T02:53:45.171828+00:00,qa
C000083,complete,2026-01-06T02:53:45.171828+00:00,2026-01-06T02:54:40.221828+00:00,
C000084,intake,2026-01-05T19:33:29.345818+00:00,2026-01-05T19:38:21.746814+00:00,ops
C000084,validate,2026-01-05T19:38:21.746814+00:00,2026-01-05T19:54:09.618866+00:00,ops
C000084,exception,2026-01-05T19:54:09.618866+00:00,2026-01-05T20:59:10.602172+00:00,senior
C000084,review,2026-01-05T21:38:04.035939+00:00,2026-01-05T22:16:53.841009+00:00,analyst
C000084,qa,2026-01-06T02:48:07.641198+00:00,2026-01-06T03:04:50.921473+00:00,qa
C000084,review,2026-01-06T03:04:50.921473+00:00,2026-01-06T03:17:42.247938+00:00,analyst
C000084,qa,2026-01-06T03:17:42.247938+00:00,2026-01-06T03:26:46.799823+00:00,qa
C000084,complete,2026-01-06T03:26:46.799823+00:00,2026-01-06T03:27:41.849823+00:00,
C000085,intake,2026-01-05T19:36:28.053338+00:00,2026-01-05T19:44:03.899574+00:00,ops
C000085,validate,2026-01-05T19:44:03.899574+00:00,2026-01-05T20:00:05.703818+00:00,ops
C000085,review,2026-01-05T22:12:02.474100+00:00,2026-01-05T22:40:13.973137+00:00,analyst
C000085,qa,2026-01-06T03:04:50.921473+00:00,2026-01-06T03:27:13.537930+00:00,qa
C000085,complete,2026-01-06T03:27:13.537930+00:00,2026-01-06T03:28:08.587930+00:00,
C000086,intake,2026-01-05T19:40:16.944409+00:00,2026-01-05T19:46:14.978897+00:00,ops
C000086,validate,2026-01-05T19:46:14.978897+00:00,2026-01-05T19:57:50.319864+00:00,ops
C000086,review,2026-01-05T22:16:53.841009+00:00,2026-01-05T22:42:02.112093+00:00,analyst
C000086,qa,2026-01-06T03:26:46.799823+00:00,2026-01-06T03:38:38.544040+00:00,qa
C000086,complete,2026-01-06T03:38:38.544040+00:00,2026-01-06T03:39:33.594040+00:00,
C000087,intake,2026-01-05T19:46:14.978897+00:00,2026-01-05T19:55:30.499534+00:00,ops
C000087,validate,2026-01-05T19:55:30.499534+00:00,2026-01-05T20:12:22.127565+00:00,ops
C000087,exception,2026-01-05T20:25:04.619346+00:00,2026-01-05T21:38:31.716630+00:00,senior
C000087,review,2026-01-05T22:33:16.249648+00:00,2026-01-05T23:10:50.192655+00:00,analyst
C000087,qa,2026-01-06T03:27:13.537930+00:00,2026-01-06T03:57:28.856691+00:00,qa
C000087,complete,2026-01-06T03:57:28.856691+00:00,2026-01-06T03:58:23.906691+00:00,
C000088,intake,2026-01-05T19:54:09.618866+00:00,2026-01-05T20:00:13.120892+00:00,ops
C000088,validate,2026-01-05T20:00:13.120892+00:00,2026-01-05T20:15:03.367541+00:00,ops
C000088,review,2026-01-05T22:40:13.973137+00:00,2026-01-05T23:40:55.380754+00:00,analyst
C000088,qa,2026-01-06T03:38:38.544040+00:00,2026-01-06T03:47:37.744521+00:00,qa
C000088,complete,2026-01-06T03:47:37.744521+00:00,2026-01-06T03:48:32.794521+00:00,
C000089,intake,2026-01-05T19:57:50.319864+00:00,2026-01-05T20:02:16.290574+00:00,ops
C000089,validate,2026-01-05T20:02:16.290574+00:00,2026-01-05T20:17:43.176411+00:00,ops
C000089,exception,2026-01-05T20:59:10.602172+00:00,2026-01-05T21:49:13.592916+00:00,senior
C000089,review,2026-01-05T22:42:02.112093+00:00,2026-01-05T23:41:25.517829+00:00,analyst
C000089,qa,2026-01-06T03:47:37.744521+00:00,2026-01-06T04:04:53.598763+00:00,qa
C000089,complete,2026-01-06T04:04:53.598763+00:00,2026-01-06T04:05:48.648763+00:00,
C000090,intake,2026-01-05T20:00:13.120892+00:00,2026-01-05T20:08:05.982439+00:00,ops
C000090,validate,2026-01-05T20:08:05.982439+00:00,2026-01-05T20:27:57.219578+00:00,ops
C000090,review,2026-01-05T23:10:50.192655+00:00,2026-01-05T23:36:48.734522+00:00,analyst
C000090,qa,2026-01-06T03:57:28.856691+00:00,2026-01-06T04:18:35.779156+00:00,qa
C000090,complete,2026-01-06T04:18:35.779156+00:00,2026-01-06T04:19:30.829156+00:00,
C000091,intake,2026-01-05T20:08:05.982439+00:00,2026-01-05T20:15:27.690018+00:00,ops
C000091,validate,2026-01-05T20:15:27.690018+00:00,2026-01-05T20:27:23.679258+00:00,ops
C000091,review,2026-01-05T23:36:48.734522+00:00,2026-01-06T00:09:53.577937+00:00,analyst
C000091,qa,2026-01-06T04:04:53.598763+00:00,2026-01-06T04:26:00.476854+00:00,qa
C000091,complete,2026-01-06T04:26:00.476854+00:00,2026-01-06T04:26:55.526854+00:00,
C000092,intake,2026-01-05T20:15:03.367541+00:00,2026-01-05T20:22:21.255930+00:00,ops
C000092,validate,2026-01-05T20:22:21.255930+00:00,2026-01-05T20:38:55.843493+00:00,ops
C000092,review,2026-01-05T23:40:55.380754+00:00,2026-01-06T00:11:36.185396+00:00,analyst
C000092,qa,2026-01-06T04:18:35.779156+00:00,2026-01-06T04:41:19.759247+00:00,qa
C000092,complete,2026-01-06T04:41:19.759247+00:00,2026-01-06T04:42:14.809247+00:00,
C000093,intake,2026-01-05T20:17:43.176411+00:00,2026-01-05T20:22:47.229096+00:00,ops
C000093,validate,2026-01-05T20:22:47.229096+00:00,2026-01-05T20:35:34.546251+00:00,ops
C000093,review,2026-01-05T23:41:25.517829+00:00,2026-01-06T00:11:06.092087+00:00,analyst
C000093,qa,2026-01-06T04:26:00.476854+00:00,2026-01-06T04:39:36.231395+00:00,qa
C000093,complete,2026-01-06T04:39:36.231395+00:00,2026-01-06T04:40:31.281395+00:00,
C000094,intake,2026-01-05T20:22:47.229096+00:00,2026-01-05T20:28:41.564551+00:00,ops
C000094,validate,2026-01-05T20:28:41.564551+00:00,2026-01-05T20:39:51.391028+00:00,ops
C000094,exception,2026-01-05T21:38:31.716630+00:00,2026-01-05T22:10:46.848828+00:00,senior
C000094,review,2026-01-06T00:09:53.577937+00:00,2026-01-06T00:55:09.545065+00:00,analyst
C000094,qa,2026-01-06T04:39:36.231395+00:00,2026-01-06T04:55:41.725303+00:00,qa
C000094,review,2026-01-06T04:55:41.725303+00:00,2026-01-06T05:42:54.690678+00:00,analyst
C000094,qa,2026-01-06T05:42:54.690678+00:00,2026-01-06T06:00:15.387379+00:00,qa
C000094,complete,2026-01-06T06:00:15.387379+00:00,2026-01-06T06:01:10.437379+00:00,
C000095,intake,2026-01-05T20:27:57.219578+00:00,2026-01-05T20:38:22.731236+00:00,ops
C000095,validate,2026-01-05T20:38:22.731236+00:00,2026-01-05T20:59:46.738946+00:00,ops
C000095,review,2026-01-06T00:11:36.185396+00:00,2026-01-06T00:33:22.059719+00:00,analyst
C000095,qa,2026-01-06T04:55:41.725303+00:00,2026-01-06T05:08:12.916371+00:00,qa
C000095,complete,2026-01-06T05:08:12.916371+00:00,2026-01-06T05:09:07.966371+00:00,
C000096,intake,2026-01-05T20:35:34.546251+00:00,2026-01-05T20:46:14.416524+00:00,ops
C000096,validate,2026-01-05T20:46:14.416524+00:00,2026-01-05T20:57:13.427330+00:00,ops
C000096,review,2026-01-06T00:33:22.059719+00:00,2026-01-06T01:23:21.143794+00:00,analyst
C000096,qa,2026-01-06T05:08:12.916371+00:00,2026-01-06T05:29:22.164498+00:00,qa
C000096,complete,2026-01-06T05:29:22.164498+00:00,2026-01-06T05:30:17.214498+00:00,
C000097,intake,2026-01-05T20:38:55.843493+00:00,2026-01-05T20:46:07.243070+00:00,ops
C000097,validate,2026-01-05T20:46:07.243070+00:00,2026-01-05T21:05:20.271375+00:00,ops
C000097,review,2026-01-06T00:42:20.587748+00:00,2026-01-06T00:55:14.248951+00:00,analyst
C000097,qa,2026-01-06T05:29:22.164498+00:00,2026-01-06T05:40:49.996250+00:00,qa
C000097,complete,2026-01-06T05:40:49.996250+00:00,2026-01-06T05:41:45.046250+00:00,
C000098,intake,2026-01-05T20:46:07.243070+00:00,2026-01-05T20:51:47.186443+00:00,ops
C000098,validate,2026-01-05T20:51:47.186443+00:00,2026-01-05T21:15:51.450559+00:00,ops
C000098,review,2026-01-06T00:55:09.545065+00:00,2026-01-06T01:22:56.374656+00:00,analyst
C000098,qa,2026-01-06T05:40:49.996250+00:00,2026-01-06T05:57:40.358385+00:00,qa
C000098,complete,2026-01-06T05:57:40.358385+00:00,2026-01-06T05:58:35.408385+00:00,
C000099,intake,2026-01-05T20:51:47.186443+00:00,2026-01-05T21:02:47.593516+00:00,ops
C000099,validate,2026-01-05T21:02:47.593516+00:00,2026-01-05T21:39:46.784402+00:00,ops
C000099,review,2026-01-06T00:55:14.248951+00:00,2026-01-06T01:52:28.175288+00:00,analyst
C000099,qa,2026-01-06T05:57:40.358385+00:00,2026-01-06T06:17:31.693650+00:00,qa
C000099,review,2026-01-06T06:17:31.693650+00:00,2026-01-06T06:56:14.143671+00:00,analyst
C000099,qa,2026-01-06T06:56:14.143671+00:00,2026-01-06T07:29:53.597711+00:00,qa
C000099,complete,2026-01-06T07:29:53.597711+00:00,2026-01-06T07:30:48.647711+00:00,
C000100,intake,2026-01-05T20:59:46.738946+00:00,2026-01-05T21:05:26.430301+00:00,ops
C000100,validate,2026-01-05T21:05:26.430301+00:00,2026-01-05T21:25:46.583405+00:00,ops
C000100,review,2026-01-06T01:23:21.143794+00:00,2026-01-06T01:56:30.302301+00:00,analyst
C000100,qa,2026-01-06T06:17:31.693650+00:00,2026-01-06T06:34:03.413329+00:00,qa
C000100,complete,2026-01-06T06:34:03.413329+00:00,2026-01-06T06:34:58.463329+00:00,
C000101,intake,2026-01-05T21:05:20.271375+00:00,2026-01-05T21:16:00.811066+00:00,ops
C000101,validate,2026-01-05T21:16:00.811066+00:00,2026-01-05T21:32:34.412367+00:00,ops
C000101,review,2026-01-06T01:39:04.892465+00:00,2026-01-06T02:37:28.425043+00:00,analyst
C000101,qa,2026-01-06T06:34:03.413329+00:00,2026-01-06T06:50:53.330330+00:00,qa
C000101,complete,2026-01-06T06:50:53.330330+00:00,2026-01-06T06:51:48.380330+00:00,
C000102,intake,2026-01-05T21:15:51.450559+00:00,2026-01-05T21:24:05.471780+00:00,ops
C000102,validate,2026-01-05T21:24:05.471780+00:00,2026-01-05T21:52:33.845318+00:00,ops
C000102,review,2026-01-06T01:52:28.175288+00:00,2026-01-06T02:20:18.816459+00:00,analyst
C000102,qa,2026-01-06T06:50:53.330330+00:00,2026-01-06T07:11:02.207700+00:00,qa
C000102,complete,2026-01-06T07:11:02.207700+00:00,2026-01-06T07:11:57.257700+00:00,
C000103,intake,2026-01-05T21:24:05.471780+00:00,2026-01-05T21:30:14.564884+00:00,ops
C000103,validate,2026-01-05T21:30:14.564884+00:00,2026-01-05T21:49:52.970688+00:00,ops
C000103,review,2026-01-06T01:56:30.302301+00:00,2026-01-06T02:23:17.804662+00:00,analyst
C000103,qa,2026-01-06T07:11:02.207700+00:00,2026-01-06T07:27:11.488986+00:00,qa
C000103,review,2026-01-06T07:27:11.488986+00:00,2026-01-06T07:56:23.609148+00:00,analyst
C000103,qa,2026-01-06T07:56:23.609148+00:00,2026-01-06T08:21:52.388509+00:00,qa
C000103,complete,2026-01-06T08:21:52.388509+00:00,2026-01-06T08:22:47.438509+00:00,
C000104,intake,2026-01-05T21:30:14.564884+00:00,2026-01-05T21:35:15.002346+00:00,ops
C000104,validate,2026-01-05T21:35:15.002346+00:00,2026-01-05T21:48:59.955133+00:00,ops
C000104,review,2026-01-06T02:23:17.804662+00:00,2026-01-06T03:07:17.172834+00:00,analyst
C000104,qa,2026-01-06T07:29:53.597711+00:00,2026-01-06T08:28:09.027095+00:00,qa
C000104,complete,2026-01-06T08:28:09.027095+00:00,2026-01-06T08:29:04.077095+00:00,
C000105,intake,2026-01-05T21:35:15.002346+00:00,2026-01-05T21:44:07.017259+00:00,ops
C000105,validate,2026-01-05T21:44:07.017259+00:00,2026-01-05T22:01:23.727423+00:00,ops
C000105,review,2026-01-06T02:36:56.727051+00:00,2026-01-06T03:02:20.912101+00:00,analyst
C000105,qa,2026-01-06T08:21:52.388509+00:00,2026-01-06T08:34:04.294726+00:00,qa
C000105,complete,2026-01-06T08:34:04.294726+00:00,2026-01-06T08:34:59.344726+00:00,
C000106,intake,2026-01-05T21:44:07.017259+00:00,2026-01-05T21:53:50.623516+00:00,ops
C000106,validate,2026-01-05T21:53:50.623516+00:00,2026-01-05T22:05:44.251859+00:00,ops
C000106,review,2026-01-06T02:37:28.425043+00:00,2026-01-06T03:13:00.267639+00:00,analyst
C000106,qa,2026-01-06T08:28:09.027095+00:00,2026-01-06T08:43:41.324881+00:00,qa
C000106,complete,2026-01-06T08:43:41.324881+00:00,2026-01-06T08:44:36.374881+00:00,
C000107,intake,2026-01-05T21:49:52.970688+00:00,2026-01-05T21:59:40.772881+00:00,ops
C000107,validate,2026-01-05T21:59:40.772881+00:00,2026-01-05T22:13:16.835935+00:00,ops
C000107,review,2026-01-06T03:02:20.912101+00:00,2026-01-06T03:31:46.269618+00:00,analyst
C000107,qa,2026-01-06T08:34:04.294726+00:00,2026-01-06T09:00:46.119894+00:00,qa
C000107,complete,2026-01-06T09:00:46.119894+00:00,2026-01-06T09:01:41.169894+00:00,
C000108,intake,2026-01-05T21:53:50.623516+00:00,2026-01-05T22:02:14.516885+00:00,ops
C000108,validate,2026-01-05T22:02:14.516885+00:00,2026-01-05T22:21:39.558573+00:00,ops
C000108,review,2026-01-06T03:07:17.172834+00:00,2026-01-06T04:02:48.450563+00:00,analyst
C000108,qa,2026-01-06T08:43:41.324881+00:00,2026-01-06T09:03:40.264631+00:00,qa
C000108,complete,2026-01-06T09:03:40.264631+00:00,2026-01-06T09:04:35.314631+00:00,
C000109,intake,2026-01-05T22:01:23.727423+00:00,2026-01-05T22:08:04.047791+00:00,ops
C000109,validate,2026-01-05T22:08:04.047791+00:00,2026-01-05T22:28:57.741877+00:00,ops
C000109,review,2026-01-06T03:13:00.267639+00:00,2026-01-06T03:43:23.970943+00:00,analyst
C000109,qa,2026-01-06T09:00:46.119894+00:00,2026-01-06T09:29:39.760929+00:00,qa
C000109,complete,2026-01-06T09:29:39.760929+00:00,2026-01-06T09:30:34.810929+00:00,
C000110,intake,2026-01-05T22:05:44.251859+00:00,2026-01-05T22:13:41.390721+00:00,ops
C000110,validate,2026-01-05T22:13:41.390721+00:00,2026-01-05T22:28:47.625818+00:00,ops
C000110,review,2026-01-06T03:17:42.247938+00:00,2026-01-06T03:52:43.907490+00:00,analyst
C000110,qa,2026-01-06T09:03:40.264631+00:00,2026-01-06T09:14:49.677005+00:00,qa
C000110,complete,2026-01-06T09:14:49.677005+00:00,2026-01-06T09:15:44.727005+00:00,
C000111,intake,2026-01-05T22:13:16.835935+00:00,2026-01-05T22:23:11.718042+00:00,ops
C000111,validate,2026-01-05T22:23:11.718042+00:00,2026-01-05T22:34:35.314873+00:00,ops
C000111,review,2026-01-06T03:31:46.269618+00:00,2026-01-06T04:19:48.022312+00:00,analyst
C000111,qa,2026-01-06T09:14:49.677005+00:00,2026-01-06T09:24:56.606990+00:00,qa
C000111,complete,2026-01-06T09:24:56.606990+00:00,2026-01-06T09:25:51.656990+00:00,
C000112,intake,2026-01-05T22:21:39.558573+00:00,2026-01-05T22:30:33.577910+00:00,ops
C000112,validate,2026-01-05T22:30:33.577910+00:00,2026-01-05T22:42:06.959133+00:00,ops
C000112,review,2026-01-06T03:43:23.970943+00:00,2026-01-06T04:12:14.469835+00:00,analyst
C000112,qa,2026-01-06T09:24:56.606990+00:00,2026-01-06T09:36:36.926189+00:00,qa
C000112,complete,2026-01-06T09:36:36.926189+00:00,2026-01-06T09:37:31.976189+00:00,
C000113,intake,2026-01-05T22:28:47.625818+00:00,2026-01-05T22:38:16.248095+00:00,ops
C000113,validate,2026-01-05T22:38:16.248095+00:00,2026-01-05T23:00:42.652024+00:00,ops
C000113,review,2026-01-06T03:52:43.907490+00:00,2026-01-06T04:21:22.013886+00:00,analyst
C000113,qa,2026-01-06T09:29:39.760929+00:00,2026-01-06T09:46:38.074130+00:00,qa
C000113,complete,2026-01-06T09:46:38.074130+00:00,2026-01-06T09:47:33.124130+00:00,
C000114,intake,2026-01-05T22:48:54.177224+00:00,2026-01-05T22:56:32.915507+00:00,ops
C000114,validate,2026-01-05T22:56:32.915507+00:00,2026-01-05T23:12:53.364802+00:00,ops
C000114,review,2026-01-06T04:02:48.450563+00:00,2026-01-06T04:39:49.698004+00:00,analyst
C000114,qa,2026-01-06T09:36:36.926189+00:00,2026-01-06T10:01:54.421633+00:00,qa
C000114,complete,2026-01-06T10:01:54.421633+00:00,2026-01-06T10:02:49.471633+00:00,
C000115,intake,2026-01-05T22:52:29.682152+00:00,2026-01-05T22:59:00.645908+00:00,ops
C000115,validate,2026-01-05T22:59:00.645908+00:00,2026-01-05T23:12:30.378487+00:00,ops
C000115,review,2026-01-06T04:12:14.469835+00:00,2026-01-06T04:58:46.223561+00:00,analyst
C000115,qa,2026-01-06T09:46:38.074130+00:00,2026-01-06T10:06:47.933893+00:00,qa
C000115,review,2026-01-06T10:06:47.933893+00:00,2026-01-06T10:44:16.137826+00:00,analyst
C000115,qa,2026-01-06T10:44:16.137826+00:00,2026-01-06T11:08:39.259314+00:00,qa
C000115,complete,2026-01-06T11:08:39.259314+00:00,2026-01-06T11:09:34.309314+00:00,
C000116,intake,2026-01-05T23:03:48.540471+00:00,2026-01-05T23:08:58.940501+00:00,ops
C000116,validate,2026-01-05T23:08:58.940501+00:00,2026-01-05T23:26:50.755961+00:00,ops
C000116,review,2026-01-06T04:21:22.013886+00:00,2026-01-06T04:44:13.465045+00:00,analyst
C000116,qa,2026-01-06T10:06:47.933893+00:00,2026-01-06T10:18:32.894470+00:00,qa
C000116,complete,2026-01-06T10:18:32.894470+00:00,2026-01-06T10:19:27.944470+00:00,
C000117,intake,2026-01-05T23:16:58.778365+00:00,2026-01-05T23:25:02.941211+00:00,ops
C000117,validate,2026-01-05T23:25:02.941211+00:00,2026-01-05T23:44:19.791946+00:00,ops
C000117,exception,2026-01-05T23:44:19.791946+00:00,2026-01-06T00:30:33.366035+00:00,senior
C000117,review,2026-01-06T04:39:49.698004+00:00,2026-01-06T05:31:10.978789+00:00,analyst
C000117,qa,2026-01-06T10:18:32.894470+00:00,2026-01-06T10:35:17.740786+00:00,qa
C000117,complete,2026-01-06T10:35:17.740786+00:00,2026-01-06T10:36:12.790786+00:00,
C000118,intake,2026-01-05T23:27:03.389944+00:00,2026-01-05T23:35:41.885697+00:00,ops
C000118,validate,2026-01-05T23:35:41.885697+00:00,2026-01-05T23:59:10.363082+00:00,ops
C000118,review,2026-01-06T04:44:13.465045+00:00,2026-01-06T05:34:15.070446+00:00,analyst
C000118,qa,2026-01-06T10:35:17.740786+00:00,2026-01-06T10:46:05.466251+00:00,qa
C000118,complete,2026-01-06T10:46:05.466251+00:00,2026-01-06T10:47:00.516251+00:00,
C000119,intake,2026-01-05T23:39:23.298243+00:00,2026-01-05T23:46:42.246773+00:00,ops
C000119,validate,2026-01-05T23:46:42.246773+00:00,2026-01-06T00:00:02.442182+00:00,ops
C000119,review,2026-01-06T04:58:46.223561+00:00,2026-01-06T05:37:15.718054+00:00,analyst
C000119,qa,2026-01-06T10:46:05.466251+00:00,2026-01-06T11:02:13.120302+00:00,qa
C000119,complete,2026-01-06T11:02:13.120302+00:00,2026-01-06T11:03:08.170302+00:00,
C000120,intake,2026-01-06T00:01:50.655034+00:00,2026-01-06T00:11:52.805013+00:00,ops
C000120,validate,2026-01-06T00:11:52.805013+00:00,2026-01-06T00:19:39.390840+00:00,ops
C000120,exception,2026-01-06T00:19:39.390840+00:00,2026-01-06T01:58:52.491168+00:00,senior
C000120,review,2026-01-06T05:31:10.978789+00:00,2026-01-06T06:11:36.828283+00:00,analyst
C000120,qa,2026-01-06T11:02:13.120302+00:00,2026-01-06T11:20:16.460314+00:00,qa
C000120,complete,2026-01-06T11:20:16.460314+00:00,2026-01-06T11:21:11.510314+00:00,
